[
  {
    "id": "d2bbc1ce-1225-42f3-b57c-c173d41be508",
    "data": [
      {
        "text": "how to lose weight?",
        "userDefined": false
      }
    ],
    "isTemplate": false,
    "count": 0,
    "lang": "en",
    "updated": 0
  },
  {
    "id": "8be25b03-82ea-4206-8675-30ffaf2662ea",
    "data": [
      {
        "text": "pls give me some tips",
        "userDefined": false
      }
    ],
    "isTemplate": false,
    "count": 0,
    "lang": "en",
    "updated": 0
  },
  {
    "id": "8dba28bd-fc87-4387-8920-b75907a26422",
    "data": [
      {
        "text": "yes",
        "userDefined": false
      }
    ],
    "isTemplate": false,
    "count": 0,
    "lang": "en",
    "updated": 0
  }
]