[
  {
    "id": "32f762cd-7352-47ce-a3a1-bca1bcd39b4f",
    "data": [
      {
        "text": "calorie details pls",
        "userDefined": false
      }
    ],
    "isTemplate": false,
    "count": 0,
    "lang": "en",
    "updated": 0
  },
  {
    "id": "3ce5861c-8c1e-4759-ade0-b207f03f7afd",
    "data": [
      {
        "text": "calorie and nutrition",
        "userDefined": false
      }
    ],
    "isTemplate": false,
    "count": 0,
    "lang": "en",
    "updated": 0
  },
  {
    "id": "ba368262-7361-4a96-bd52-4e2072c912ae",
    "data": [
      {
        "text": "nutrition",
        "userDefined": false
      }
    ],
    "isTemplate": false,
    "count": 0,
    "lang": "en",
    "updated": 0
  },
  {
    "id": "e29ce5f0-845b-4c06-a108-69ac39fd5ca9",
    "data": [
      {
        "text": "calories",
        "userDefined": false
      }
    ],
    "isTemplate": false,
    "count": 0,
    "lang": "en",
    "updated": 0
  },
  {
    "id": "495968ae-0a24-4a2f-a1ec-f41760c8942d",
    "data": [
      {
        "text": "calorie",
        "userDefined": false
      }
    ],
    "isTemplate": false,
    "count": 0,
    "lang": "en",
    "updated": 0
  },
  {
    "id": "c965db01-8727-455a-882b-ad21d20a438c",
    "data": [
      {
        "text": "find calorie",
        "userDefined": false
      }
    ],
    "isTemplate": false,
    "count": 0,
    "lang": "en",
    "updated": 0
  },
  {
    "id": "19163c76-7316-491c-82cb-087c3f0e1b39",
    "data": [
      {
        "text": "calorie info",
        "userDefined": false
      }
    ],
    "isTemplate": false,
    "count": 0,
    "lang": "en",
    "updated": 0
  }
]