[
  {
    "id": "bdf585d8-41ca-4e92-9be2-6c28dda63e55",
    "data": [
      {
        "text": "no,",
        "userDefined": false
      }
    ],
    "isTemplate": false,
    "count": 0,
    "lang": "en",
    "updated": 0
  },
  {
    "id": "34a795ea-2828-4495-80f5-a8756cdeb27e",
    "data": [
      {
        "text": "i am good",
        "userDefined": false
      }
    ],
    "isTemplate": false,
    "count": 0,
    "lang": "en",
    "updated": 0
  },
  {
    "id": "a2bcdf1f-dfc0-43d5-a111-dda62051e84d",
    "data": [
      {
        "text": "not needed",
        "userDefined": false
      }
    ],
    "isTemplate": false,
    "count": 0,
    "lang": "en",
    "updated": 0
  },
  {
    "id": "be837530-85b7-418c-9975-43cf0f07b3fb",
    "data": [
      {
        "text": "no thank you",
        "userDefined": false
      }
    ],
    "isTemplate": false,
    "count": 0,
    "lang": "en",
    "updated": 0
  },
  {
    "id": "fe578b22-4588-458d-828d-3f9e76d41a4b",
    "data": [
      {
        "text": "no",
        "userDefined": false
      }
    ],
    "isTemplate": false,
    "count": 0,
    "lang": "en",
    "updated": 0
  }
]